无人机编号,累计时间_min,剩余续航_min,剩余药量_L,事件
UAV-1,0.0,25.0,30.0,起飞
UAV-1,0.4906,24.5094,30.0,飞行-区域间
UAV-1,0.7543,24.2457,29.7894,覆盖喷洒段
UAV-1,0.8118,24.1882,29.7435,覆盖连接段
UAV-1,1.1767,23.8233,29.4521,覆盖喷洒段
UAV-1,1.204,23.796,29.4302,覆盖连接段
UAV-1,1.6048,23.3952,29.1101,覆盖喷洒段
UAV-1,2.0583,22.9417,28.748,覆盖连接段
UAV-1,2.0701,22.9299,28.7385,覆盖喷洒段
UAV-1,2.1385,22.8615,28.6839,覆盖连接段
UAV-1,2.5624,22.4376,28.3453,覆盖喷洒段
UAV-1,3.0389,21.9611,27.9647,覆盖连接段
UAV-1,3.0777,21.9223,27.9338,覆盖喷洒段
UAV-1,3.173,21.827,27.8577,覆盖连接段
UAV-1,3.6143,21.3857,27.5052,覆盖喷洒段
UAV-1,4.1083,20.8917,27.1107,覆盖连接段
UAV-1,4.1696,20.8304,27.0617,覆盖喷洒段
UAV-1,4.2875,20.7125,26.9675,覆盖连接段
UAV-1,4.7421,20.2579,26.6045,覆盖喷洒段
UAV-1,5.2492,19.7508,26.1995,覆盖连接段
UAV-1,5.3296,19.6704,26.1353,覆盖喷洒段
UAV-1,5.4666,19.5334,26.0259,覆盖连接段
UAV-1,5.9308,19.0692,25.6551,覆盖喷洒段
UAV-1,6.4475,18.5525,25.2424,覆盖连接段
UAV-1,6.544,18.456,25.1654,覆盖喷洒段
UAV-1,6.697,18.303,25.0431,覆盖连接段
UAV-1,7.1678,17.8322,24.6672,覆盖喷洒段
UAV-1,7.6911,17.3089,24.2492,覆盖连接段
UAV-1,7.8009,17.1991,24.1616,覆盖喷洒段
UAV-1,7.9672,17.0328,24.0287,覆盖连接段
UAV-1,8.4418,16.5582,23.6496,覆盖喷洒段
UAV-1,8.969,16.031,23.2286,覆盖连接段
UAV-1,9.0896,15.9104,23.1323,覆盖喷洒段
UAV-1,9.2667,15.7333,22.9908,覆盖连接段
UAV-1,9.7427,15.2573,22.6106,覆盖喷洒段
UAV-1,10.2713,14.7287,22.1885,覆盖连接段
UAV-1,10.4003,14.5997,22.0854,覆盖喷洒段
UAV-1,10.5859,14.4141,21.9372,覆盖连接段
UAV-1,11.0609,13.9391,21.5578,覆盖喷洒段
UAV-1,11.5885,13.4115,21.1365,覆盖连接段
UAV-1,11.7237,13.2763,21.0285,覆盖喷洒段
UAV-1,11.9154,13.0846,20.8754,覆盖连接段
UAV-1,12.3872,12.6128,20.4986,覆盖喷洒段
UAV-1,12.9115,12.0885,20.0799,覆盖连接段
UAV-1,13.0506,11.9494,19.9688,覆盖喷洒段
UAV-1,13.2462,11.7538,19.8125,覆盖连接段
UAV-1,13.7124,11.2876,19.4402,覆盖喷洒段
UAV-1,14.2312,10.7688,19.0259,覆盖连接段
UAV-1,14.3719,10.6281,18.9135,覆盖喷洒段
UAV-1,14.5691,10.4309,18.756,覆盖连接段
UAV-1,15.0276,9.9724,18.3898,覆盖喷洒段
UAV-1,15.5386,9.4614,17.9817,覆盖连接段
UAV-1,15.6786,9.3214,17.8699,覆盖喷洒段
UAV-1,15.8752,9.1248,17.7129,覆盖连接段
UAV-1,16.3234,8.6766,17.3549,覆盖喷洒段
UAV-1,16.8243,8.1757,16.9549,覆盖连接段
UAV-1,16.9611,8.0389,16.8456,覆盖喷洒段
UAV-1,17.1544,7.8456,16.6912,覆盖连接段
UAV-1,17.5901,7.4099,16.3432,覆盖喷洒段
UAV-1,18.0784,6.9216,15.9532,覆盖连接段
UAV-1,18.2094,6.7906,15.8486,覆盖喷洒段
UAV-1,18.3969,6.6031,15.6988,覆盖连接段
UAV-1,18.8174,6.1826,15.3631,覆盖喷洒段
UAV-1,19.2905,5.7095,14.9852,覆盖连接段
UAV-1,19.4127,5.5873,14.8876,覆盖喷洒段
UAV-1,19.5915,5.4085,14.7448,覆盖连接段
UAV-1,19.9937,5.0063,14.4235,覆盖喷洒段
UAV-1,20.4486,4.5514,14.0602,覆盖连接段
UAV-1,20.5587,4.4413,13.9723,覆盖喷洒段
UAV-1,20.7254,4.2746,13.8392,覆盖连接段
UAV-1,21.1061,3.8939,13.5351,覆盖喷洒段
UAV-1,21.6122,3.3878,13.1309,覆盖连接段
UAV-1,21.6332,3.3668,13.1141,覆盖喷洒段
UAV-1,21.7969,3.2031,12.9834,覆盖连接段
UAV-1,22.0,3.0,12.8212,电量不足
UAV-1,22.4587,25.0,30.0,道路补给
UAV-1,23.0562,24.4025,29.8892,覆盖喷洒段
UAV-1,23.0939,24.3648,29.859,覆盖连接段
UAV-1,23.3824,24.0763,29.6286,覆盖喷洒段
UAV-1,23.421,24.0377,29.5978,覆盖连接段
UAV-1,23.6488,23.8099,29.4158,覆盖喷洒段
UAV-1,23.7017,23.757,29.3736,覆盖连接段
UAV-1,23.8569,23.6018,29.2497,覆盖喷洒段
UAV-1,23.8955,23.5632,29.2188,覆盖连接段
UAV-1,23.9456,23.5131,29.1788,覆盖喷洒段
UAV-1,24.5252,22.9335,29.1788,飞行-区域间
UAV-1,24.6329,22.8258,29.0777,覆盖喷洒段
UAV-1,24.6626,22.7961,29.0497,覆盖连接段
UAV-1,24.7938,22.6649,28.9266,覆盖喷洒段
UAV-1,24.8211,22.6376,28.9009,覆盖连接段
UAV-1,24.9508,22.5079,28.779,覆盖喷洒段
UAV-1,24.9814,22.4773,28.7503,覆盖连接段
UAV-1,25.0838,22.3749,28.6541,覆盖喷洒段
UAV-1,25.646,21.8127,28.6541,飞行-区域间
UAV-1,25.8526,21.606,28.3421,覆盖喷洒段
UAV-1,25.8991,21.5596,28.2719,覆盖连接段
UAV-1,26.181,21.2777,27.8463,覆盖喷洒段
UAV-1,26.2181,21.2406,27.7903,覆盖连接段
UAV-1,26.55,20.9087,27.2892,覆盖喷洒段
UAV-1,26.5826,20.8761,27.24,覆盖连接段
UAV-1,26.95,20.5087,26.6853,覆盖喷洒段
UAV-1,26.98,20.4787,26.64,覆盖连接段
UAV-1,27.3721,20.0866,26.0479,覆盖喷洒段
UAV-1,27.4006,20.0581,26.0049,覆盖连接段
UAV-1,27.8088,19.6499,25.3886,覆盖喷洒段
UAV-1,27.8364,19.6223,25.3468,覆盖连接段
UAV-1,28.2529,19.2058,24.718,覆盖喷洒段
UAV-1,28.2802,19.1785,24.6767,覆盖连接段
UAV-1,28.6977,18.761,24.0463,覆盖喷洒段
UAV-1,28.7252,18.7335,24.0048,覆盖连接段
UAV-1,29.1366,18.3221,23.3837,覆盖喷洒段
UAV-1,29.1648,18.2939,23.3412,覆盖连接段
UAV-1,29.5624,17.8963,22.7407,覆盖喷洒段
UAV-1,29.5919,17.8668,22.6962,覆盖连接段
UAV-1,29.9675,17.4912,22.1291,覆盖喷洒段
UAV-1,29.9992,17.4595,22.0813,覆盖连接段
UAV-1,30.3427,17.116,21.5626,覆盖喷洒段
UAV-1,30.3782,17.0805,21.509,覆盖连接段
UAV-1,30.6766,16.7821,21.0585,覆盖喷洒段
UAV-1,30.7194,16.7393,20.9938,覆盖连接段
UAV-1,30.9518,16.5068,20.6429,覆盖喷洒段
UAV-1,31.0169,16.4418,20.5446,覆盖连接段
UAV-1,31.1312,16.3275,20.372,覆盖喷洒段
UAV-1,31.7072,15.7515,20.372,飞行-区域间
UAV-1,31.9735,15.4852,20.142,覆盖喷洒段
UAV-1,32.0316,15.4271,20.0919,覆盖连接段
UAV-1,32.4002,15.0585,19.7735,覆盖喷洒段
UAV-1,32.4457,15.013,19.7342,覆盖连接段
UAV-1,32.8871,14.5716,19.3529,覆盖喷洒段
UAV-1,32.9263,14.5323,19.319,覆盖连接段
UAV-1,33.4242,14.0345,18.889,覆盖喷洒段
UAV-1,33.4596,13.9991,18.8584,覆盖连接段
UAV-1,34.0026,13.4561,18.3894,覆盖喷洒段
UAV-1,34.0355,13.4232,18.361,覆盖连接段
UAV-1,34.6151,12.8436,17.8604,覆盖喷洒段
UAV-1,34.7709,12.6878,17.7259,覆盖连接段
UAV-1,35.2118,12.2469,17.3451,覆盖喷洒段
UAV-1,35.6791,11.7796,16.9414,覆盖连接段
UAV-1,35.7823,11.6764,16.8523,覆盖喷洒段
UAV-1,35.8565,11.6022,16.7882,覆盖连接段
UAV-1,35.8769,11.5818,16.7706,覆盖喷洒段
UAV-1,36.52,10.9387,16.2151,覆盖连接段
UAV-1,37.0989,10.3598,15.7151,覆盖喷洒段
UAV-1,37.1918,10.2669,15.6349,覆盖连接段
UAV-1,37.232,10.2267,15.6001,覆盖喷洒段
UAV-1,37.8637,9.595,15.0545,覆盖连接段
UAV-1,38.4312,9.0275,14.5644,覆盖喷洒段
UAV-1,38.541,8.9177,14.4695,覆盖连接段
UAV-1,38.5988,8.8599,14.4196,覆盖喷洒段
UAV-1,39.2167,8.242,13.8859,覆盖连接段
UAV-1,39.7704,7.6883,13.4077,覆盖喷洒段
UAV-1,39.8952,7.5635,13.2999,覆盖连接段
UAV-1,39.9683,7.4904,13.2368,覆盖喷洒段
UAV-1,40.5703,6.8884,12.7168,覆盖连接段
UAV-1,41.1081,6.3505,12.2523,覆盖喷洒段
UAV-1,41.2457,6.213,12.1334,覆盖连接段
UAV-1,41.332,6.1267,12.0589,覆盖喷洒段
UAV-1,41.9158,5.5429,11.5547,覆盖连接段
UAV-1,42.4354,5.0233,11.1059,覆盖喷洒段
UAV-1,42.5837,4.875,10.9778,覆盖连接段
UAV-1,42.6808,4.7779,10.894,覆盖喷洒段
UAV-1,43.2442,4.2145,10.4073,覆盖连接段
UAV-1,43.7434,3.7153,9.9761,覆盖喷洒段
UAV-1,43.9,3.5587,9.8409,覆盖连接段
UAV-1,44.0056,3.4531,9.7497,覆盖喷洒段
UAV-1,44.4587,3.0,9.3583,电量不足
UAV-1,44.5681,25.0,30.0,道路补给
UAV-1,44.7649,24.8032,29.9245,覆盖连接段
UAV-1,45.2413,24.3268,29.513,覆盖喷洒段
UAV-1,45.4037,24.1644,29.3727,覆盖连接段
UAV-1,45.5152,24.0529,29.2764,覆盖喷洒段
UAV-1,46.0305,23.5376,28.8313,覆盖连接段
UAV-1,46.4815,23.0865,28.4417,覆盖喷洒段
UAV-1,46.6471,22.921,28.2988,覆盖连接段
UAV-1,46.7618,22.8063,28.1997,覆盖喷洒段
UAV-1,47.2489,22.3191,27.779,覆盖连接段
UAV-1,47.6718,21.8962,27.4137,覆盖喷洒段
UAV-1,47.8374,21.7307,27.2707,覆盖连接段
UAV-1,47.9521,21.616,27.1716,覆盖喷洒段
UAV-1,48.408,21.1601,26.7779,覆盖连接段
UAV-1,48.7996,20.7685,26.4396,覆盖喷洒段
UAV-1,48.9615,20.6065,26.2997,覆盖连接段
UAV-1,49.0725,20.4955,26.2039,覆盖喷洒段
UAV-1,49.4934,20.0746,25.8403,覆盖连接段
UAV-1,49.8501,19.718,25.5323,覆盖喷洒段
UAV-1,50.0038,19.5642,25.3995,覆盖连接段
UAV-1,50.1065,19.4616,25.3108,覆盖喷洒段
UAV-1,50.4879,19.0802,24.9814,覆盖连接段
UAV-1,50.805,18.7631,24.7075,覆盖喷洒段
UAV-1,50.9446,18.6235,24.5869,覆盖连接段
UAV-1,51.0329,18.5351,24.5106,覆盖喷洒段
UAV-1,51.3685,18.1995,24.2208,覆盖连接段
UAV-1,51.6399,17.9282,23.9864,覆盖喷洒段
UAV-1,51.7563,17.8118,23.8859,覆盖连接段
UAV-1,51.8208,17.7473,23.8301,覆盖喷洒段
UAV-1,52.1014,17.4666,23.5877,覆盖连接段
UAV-1,52.3179,17.2502,23.4008,覆盖喷洒段
UAV-1,52.3939,17.1742,23.3352,覆盖连接段
UAV-1,52.4162,17.1519,23.3159,覆盖喷洒段
UAV-1,52.6232,16.9448,23.1371,覆盖连接段
UAV-1,52.766,16.802,23.0137,覆盖喷洒段
UAV-1,53.2652,16.3029,23.0137,飞行-区域间
UAV-1,53.3908,16.1772,22.8254,覆盖喷洒段
UAV-1,53.4193,16.1487,22.7826,覆盖连接段
UAV-1,53.602,15.9661,22.5088,覆盖喷洒段
UAV-1,53.646,15.9221,22.4429,覆盖连接段
UAV-1,53.8762,15.6919,22.0978,覆盖喷洒段
UAV-1,53.9097,15.6583,22.0475,覆盖连接段
UAV-1,54.1859,15.3821,21.6335,覆盖喷洒段
UAV-1,54.2793,15.2888,21.4936,覆盖连接段
UAV-1,54.4953,15.0728,21.1698,覆盖喷洒段
UAV-1,54.5533,15.0147,21.0828,覆盖连接段
UAV-1,54.6988,14.8692,20.8647,覆盖喷洒段
UAV-1,54.9659,14.6021,20.4643,覆盖连接段
UAV-1,55.0019,14.5661,20.4103,覆盖喷洒段
UAV-1,55.4386,14.1294,19.7557,覆盖连接段
UAV-1,55.5677,14.0003,19.5622,覆盖喷洒段
UAV-1,55.9513,13.6167,18.9872,覆盖连接段
UAV-1,56.1459,13.4222,18.6956,覆盖喷洒段
UAV-1,56.4743,13.0938,18.2033,覆盖连接段
UAV-1,56.7353,12.8328,17.812,覆盖喷洒段
UAV-1,57.2507,12.3173,17.0394,覆盖连接段
UAV-1,57.3337,12.2344,16.9151,覆盖喷洒段
UAV-1,57.551,12.017,16.5892,覆盖连接段
UAV-1,57.9412,11.6269,16.0044,覆盖喷洒段
UAV-1,57.9689,11.5991,15.9628,覆盖连接段
UAV-1,58.4856,11.0825,15.1884,覆盖喷洒段
UAV-1,58.5803,10.9878,15.0464,覆盖连接段
UAV-1,59.19,10.3781,14.1325,覆盖喷洒段
UAV-1,59.2173,10.3507,14.0915,覆盖连接段
UAV-1,59.8426,9.7254,13.1542,覆盖喷洒段
UAV-1,59.87,9.6981,13.1132,覆盖连接段
UAV-1,60.4924,9.0756,12.1801,覆盖喷洒段
UAV-1,60.5202,9.0479,12.1385,覆盖连接段
UAV-1,61.1329,8.4351,11.22,覆盖喷洒段
UAV-1,61.1613,8.4068,11.1776,覆盖连接段
UAV-1,61.7591,7.809,10.2814,覆盖喷洒段
UAV-1,61.7883,7.7798,10.2377,覆盖连接段
UAV-1,62.3657,7.2023,9.3721,覆盖喷洒段
UAV-1,62.3961,7.172,9.3265,覆盖连接段
UAV-1,62.947,6.6211,8.5008,覆盖喷洒段
UAV-1,62.9791,6.589,8.4527,覆盖连接段
UAV-1,63.4963,6.0718,7.6774,覆盖喷洒段
UAV-1,63.5308,6.0373,7.6256,覆盖连接段
UAV-1,64.0057,5.5623,6.9137,覆盖喷洒段
UAV-1,64.0439,5.5241,6.8565,覆盖连接段
UAV-1,64.4654,5.1026,6.2246,覆盖喷洒段
UAV-1,64.5097,5.0584,6.1583,覆盖连接段
UAV-1,64.8615,4.7066,5.6309,覆盖喷洒段
UAV-1,64.918,4.6501,5.5463,覆盖连接段
UAV-1,65.1708,4.3973,5.1673,覆盖喷洒段
UAV-1,65.9205,3.6476,5.1673,飞行-区域间
UAV-1,66.1187,3.4493,4.8884,覆盖喷洒段
UAV-1,66.1636,3.4044,4.8252,覆盖连接段
UAV-1,66.4331,3.1349,4.4461,覆盖喷洒段
UAV-1,66.4691,3.099,4.3955,覆盖连接段
UAV-1,66.5681,3.0,4.2563,电量不足
UAV-1,67.6314,25.0,30.0,道路补给
UAV-1,68.9119,23.7194,29.6944,覆盖喷洒段
UAV-1,68.9436,23.6877,29.6498,覆盖连接段
UAV-1,69.292,23.3394,29.1597,覆盖喷洒段
UAV-1,69.3214,23.31,29.1184,覆盖连接段
UAV-1,69.6912,22.9402,28.5982,覆盖喷洒段
UAV-1,69.7192,22.9121,28.5587,覆盖连接段
UAV-1,70.1016,22.5298,28.0208,覆盖喷洒段
UAV-1,70.129,22.5024,27.9823,覆盖连接段
UAV-1,70.5158,22.1155,27.4381,覆盖喷洒段
UAV-1,70.5432,22.0881,27.3996,覆盖连接段
UAV-1,70.9268,21.7046,26.86,覆盖喷洒段
UAV-1,70.9547,21.6767,26.8208,覆盖连接段
UAV-1,71.327,21.3044,26.297,覆盖喷洒段
UAV-1,71.3561,21.2753,26.2561,覆盖连接段
UAV-1,71.7084,20.923,25.7605,覆盖喷洒段
UAV-1,71.7396,20.8918,25.7165,覆盖连接段
UAV-1,72.0616,20.5698,25.2636,覆盖喷洒段
UAV-1,72.0967,20.5347,25.2143,覆盖连接段
UAV-1,72.3746,20.2568,24.8233,覆盖喷洒段
UAV-1,72.4175,20.2139,24.763,覆盖连接段
UAV-1,72.6292,20.0022,24.4652,覆盖喷洒段
UAV-1,72.7003,19.931,24.3651,覆盖连接段
UAV-1,72.7805,19.8509,24.2523,覆盖喷洒段
UAV-1,73.5504,19.081,24.2523,飞行-区域间
UAV-1,73.7671,18.8643,23.9244,覆盖喷洒段
UAV-1,73.8155,18.8158,23.8511,覆盖连接段
UAV-1,74.1122,18.5192,23.4021,覆盖喷洒段
UAV-1,74.1507,18.4807,23.3439,覆盖连接段
UAV-1,74.5014,18.1299,22.8131,覆盖喷洒段
UAV-1,74.5351,18.0963,22.7622,覆盖连接段
UAV-1,74.925,17.7063,22.1721,覆盖喷洒段
UAV-1,74.9559,17.6755,22.1254,覆盖连接段
UAV-1,75.3744,17.2569,21.492,覆盖喷洒段
UAV-1,75.4035,17.2278,21.448,覆盖连接段
UAV-1,75.842,16.7893,20.7844,覆盖喷洒段
UAV-1,75.8701,16.7613,20.7419,覆盖连接段
UAV-1,76.3211,16.3103,20.0594,覆盖喷洒段
UAV-1,76.3486,16.2828,20.0178,覆盖连接段
UAV-1,76.8053,15.8261,19.3267,覆盖喷洒段
UAV-1,76.8326,15.7988,19.2853,覆盖连接段
UAV-1,77.2884,15.343,18.5956,覆盖喷洒段
UAV-1,77.316,15.3154,18.5538,覆盖连接段
UAV-1,77.7643,14.8671,17.8755,覆盖喷洒段
UAV-1,77.7925,14.8388,17.8327,覆盖连接段
UAV-1,78.2263,14.4051,17.1762,覆盖喷洒段
UAV-1,78.2558,14.3756,17.1316,覆盖连接段
UAV-1,78.6674,13.964,16.5087,覆盖喷洒段
UAV-1,78.6989,13.9325,16.4611,覆盖连接段
UAV-1,79.0792,13.5521,15.8855,覆盖喷洒段
UAV-1,79.1139,13.5174,15.833,覆盖连接段
UAV-1,79.4515,13.1798,15.3221,覆盖喷洒段
UAV-1,79.492,13.1394,15.2609,覆盖连接段
UAV-1,79.77,12.8614,14.8402,覆盖喷洒段
UAV-1,79.8235,12.8079,14.7593,覆盖连接段
UAV-1,80.0095,12.6218,14.4777,覆盖喷洒段
UAV-1,80.5477,12.0836,14.4777,飞行-区域间
UAV-1,80.7339,11.8975,14.2169,覆盖喷洒段
UAV-1,80.7765,11.8548,14.1572,覆盖连接段
UAV-1,81.0282,11.6032,13.8047,覆盖喷洒段
UAV-1,81.0625,11.5688,13.7566,覆盖连接段
UAV-1,81.3558,11.2755,13.3457,覆盖喷洒段
UAV-1,81.3864,11.245,13.3029,覆盖连接段
UAV-1,81.7069,10.9244,12.8539,覆盖喷洒段
UAV-1,81.7355,10.8959,12.814,覆盖连接段
UAV-1,82.0723,10.559,12.342,覆盖喷洒段
UAV-1,82.0999,10.5315,12.3034,覆盖连接段
UAV-1,82.4438,10.1876,11.8217,覆盖喷洒段
UAV-1,82.4711,10.1602,11.7834,覆盖连接段
UAV-1,82.8133,9.8181,11.3041,覆盖喷洒段
UAV-1,82.8411,9.7902,11.2651,覆盖连接段
UAV-1,83.1726,9.4588,10.8008,覆盖喷洒段
UAV-1,83.2018,9.4296,10.7599,覆盖连接段
UAV-1,83.5128,9.1186,10.3243,覆盖喷洒段
UAV-1,83.5446,9.0868,10.2797,覆盖连接段
UAV-1,83.8231,8.8083,9.8896,覆盖喷洒段
UAV-1,83.86,8.7714,9.8379,覆盖连接段
UAV-1,84.089,8.5424,9.5171,覆盖喷洒段
UAV-1,84.1386,8.4928,9.4476,覆盖连接段
UAV-1,84.2848,8.3466,9.2429,覆盖喷洒段
UAV-1,84.6277,8.0036,9.2429,飞行-区域间
UAV-1,84.7012,7.9301,9.1829,覆盖喷洒段
UAV-1,84.7286,7.9027,9.1606,覆盖连接段
UAV-1,84.8604,7.7709,9.053,覆盖喷洒段
UAV-1,84.8898,7.7416,9.0291,覆盖连接段
UAV-1,85.0003,7.6311,8.939,覆盖喷洒段
UAV-1,85.0479,7.5835,8.9002,覆盖连接段
UAV-1,85.0805,7.5509,8.8736,覆盖喷洒段
UAV-1,85.6967,6.9347,8.8736,飞行-区域间
UAV-1,85.8153,6.8161,8.6659,覆盖喷洒段
UAV-1,85.8625,6.7688,8.5831,覆盖连接段
UAV-1,86.0783,6.5531,8.2052,覆盖喷洒段
UAV-1,86.143,6.4884,8.092,覆盖连接段
UAV-1,86.446,6.1853,7.5612,覆盖喷洒段
UAV-1,86.4813,6.15,7.4994,覆盖连接段
UAV-1,86.8653,5.766,6.8269,覆盖喷洒段
UAV-1,86.93,5.7014,6.7136,覆盖连接段
UAV-1,87.3902,5.2412,5.9076,覆盖喷洒段
UAV-1,87.4208,5.2106,5.854,覆盖连接段
UAV-1,87.9534,4.678,4.9213,覆盖喷洒段
UAV-1,87.9917,4.6397,4.8542,覆盖连接段
UAV-1,88.5616,4.0698,3.8561,覆盖喷洒段
UAV-1,88.59,4.0414,3.8064,覆盖连接段
UAV-1,89.0504,3.581,3.0,药量不足
UAV-1,90.212,25.0,30.0,道路补给
UAV-1,91.4983,23.7138,29.7818,覆盖喷洒段
UAV-1,91.526,23.686,29.7331,覆盖连接段
UAV-1,92.1208,23.0912,28.6914,覆盖喷洒段
UAV-1,92.1483,23.0638,28.6434,覆盖连接段
UAV-1,92.7477,22.4643,27.5935,覆盖喷洒段
UAV-1,92.775,22.437,27.5456,覆盖连接段
UAV-1,93.3742,21.8379,26.4964,覆盖喷洒段
UAV-1,93.4016,21.8104,26.4483,覆盖连接段
UAV-1,93.9954,21.2167,25.4084,覆盖喷洒段
UAV-1,94.0232,21.1888,25.3597,覆盖连接段
UAV-1,94.6064,20.6056,24.3383,覆盖喷洒段
UAV-1,94.6349,20.5772,24.2884,覆盖连接段
UAV-1,95.2021,20.0099,23.295,覆盖喷洒段
UAV-1,95.2315,19.9805,23.2435,覆盖连接段
UAV-1,95.7769,19.4352,22.2884,覆盖喷洒段
UAV-1,95.8077,19.4043,22.2344,覆盖连接段
UAV-1,96.3245,18.8875,21.3293,覆盖喷洒段
UAV-1,96.3574,18.8547,21.2717,覆盖连接段
UAV-1,96.8378,18.3742,20.4303,覆盖喷洒段
UAV-1,96.8736,18.3384,20.3676,覆盖连接段
UAV-1,97.3078,17.9042,19.6072,覆盖喷洒段
UAV-1,97.3483,17.8638,19.5363,覆盖连接段
UAV-1,97.7228,17.4892,18.8804,覆盖喷洒段
UAV-1,97.7718,17.4403,18.7946,覆盖连接段
UAV-1,98.0651,17.1469,18.2809,覆盖喷洒段
UAV-1,98.1369,17.0751,18.1551,覆盖连接段
UAV-1,98.2977,16.9144,17.8736,覆盖喷洒段
UAV-1,98.4238,16.7882,17.8736,飞行-区域间
UAV-1,98.661,16.551,17.4679,覆盖喷洒段
UAV-1,98.7133,16.4987,17.3783,覆盖连接段
UAV-1,99.0398,16.1722,16.8199,覆盖喷洒段
UAV-1,99.0812,16.1308,16.7492,覆盖连接段
UAV-1,99.4697,15.7423,16.0847,覆盖喷洒段
UAV-1,99.5056,15.7064,16.0233,覆盖连接段
UAV-1,99.9408,15.2713,15.2791,覆盖喷洒段
UAV-1,99.9734,15.2386,15.2233,覆盖连接段
UAV-1,100.4442,14.7678,14.418,覆盖喷洒段
UAV-1,100.4748,14.7372,14.3658,覆盖连接段
UAV-1,100.9729,14.2391,13.5139,覆盖喷洒段
UAV-1,101.002,14.21,13.4641,覆盖连接段
UAV-1,101.5202,13.6918,12.5778,覆盖喷洒段
UAV-1,101.5484,13.6636,12.5296,覆盖连接段
UAV-1,102.0804,13.1316,11.6198,覆盖喷洒段
UAV-1,102.108,13.104,11.5725,覆盖连接段
UAV-1,102.6479,12.5641,10.6492,覆盖喷洒段
UAV-1,102.6752,12.5368,10.6024,覆盖连接段
UAV-1,103.2174,11.9946,9.6751,覆盖喷洒段
UAV-1,103.2448,11.9672,9.6283,覆盖连接段
UAV-1,103.7838,11.4282,8.7064,覆盖喷洒段
UAV-1,103.8115,11.4005,8.6591,覆盖连接段
UAV-1,104.3417,10.8704,7.7523,覆盖喷洒段
UAV-1,104.37,10.842,7.7039,覆盖连接段
UAV-1,104.8854,10.3266,6.8224,覆盖喷洒段
UAV-1,104.9147,10.2973,6.7723,覆盖连接段
UAV-1,105.4089,9.8031,5.9271,覆盖喷洒段
UAV-1,105.4397,9.7723,5.8744,覆盖连接段
UAV-1,105.9054,9.3066,5.0779,覆盖喷洒段
UAV-1,105.9385,9.2735,5.0213,覆盖连接段
UAV-1,106.3669,8.8452,4.2887,覆盖喷洒段
UAV-1,106.4035,8.8086,4.2261,覆盖连接段
UAV-1,106.7831,8.4289,3.5767,覆盖喷洒段
UAV-1,106.8257,8.3863,3.5039,覆盖连接段
UAV-1,107.1204,8.0917,3.0,药量不足
UAV-1,107.7308,25.0,30.0,道路补给
UAV-1,108.3609,24.3698,29.9662,覆盖喷洒段
UAV-1,108.4163,24.3145,29.8716,覆盖连接段
UAV-1,108.6344,24.0964,29.4986,覆盖喷洒段
UAV-1,109.8123,22.9185,29.4986,飞行-区域间
UAV-1,110.0096,22.7212,29.2199,覆盖喷洒段
UAV-1,110.0543,22.6765,29.1567,覆盖连接段
UAV-1,110.3225,22.4083,28.7781,覆盖喷洒段
UAV-1,110.3583,22.3725,28.7274,覆盖连接段
UAV-1,110.6727,22.058,28.2833,覆盖喷洒段
UAV-1,110.7044,22.0264,28.2387,覆盖连接段
UAV-1,111.0506,21.6802,27.7497,覆盖喷洒段
UAV-1,111.0799,21.6509,27.7083,覆盖连接段
UAV-1,111.4472,21.2836,27.1896,覆盖喷洒段
UAV-1,111.4752,21.2556,27.1501,覆盖连接段
UAV-1,111.8546,20.8762,26.6142,覆盖喷洒段
UAV-1,111.882,20.8488,26.5755,覆盖连接段
UAV-1,112.2654,20.4653,26.034,覆盖喷洒段
UAV-1,112.2928,20.438,25.9953,覆盖连接段
UAV-1,112.6725,20.0583,25.4591,覆盖喷洒段
UAV-1,112.7005,20.0303,25.4196,覆盖连接段
UAV-1,113.0682,19.6626,24.9002,覆盖喷洒段
UAV-1,113.0975,19.6333,24.8589,覆盖连接段
UAV-1,113.4445,19.2863,24.3689,覆盖喷洒段
UAV-1,113.476,19.2548,24.3244,覆盖连接段
UAV-1,113.7915,18.9393,23.8787,覆盖喷洒段
UAV-1,113.8272,18.9036,23.8284,覆盖连接段
UAV-1,114.0969,18.6339,23.4475,覆盖喷洒段
UAV-1,114.1412,18.5896,23.3849,覆盖连接段
UAV-1,114.3411,18.3896,23.1025,覆盖喷洒段
UAV-1,114.4283,18.3025,22.9795,覆盖连接段
UAV-1,114.4629,18.2679,22.9306,覆盖喷洒段
UAV-1,115.8893,16.8415,22.9306,返航
UAV-2,0.0,25.0,30.0,起飞
UAV-2,0.2702,24.7298,30.0,飞行-区域间
UAV-2,0.3821,24.6179,29.8699,覆盖喷洒段
UAV-2,0.5907,24.4093,29.6274,覆盖连接段
UAV-2,0.6109,24.3891,29.6039,覆盖喷洒段
UAV-2,0.6388,24.3612,29.5715,覆盖连接段
UAV-2,0.6508,24.3492,29.5575,覆盖喷洒段
UAV-2,0.8717,24.1283,29.3007,覆盖连接段
UAV-2,0.9042,24.0958,29.2629,覆盖喷洒段
UAV-2,1.1351,23.8649,28.9944,覆盖连接段
UAV-2,1.2402,23.7598,28.8722,覆盖喷洒段
UAV-2,1.3566,23.6434,28.7369,覆盖连接段
UAV-2,1.5732,23.4268,28.4851,覆盖喷洒段
UAV-2,1.6005,23.3995,28.4533,覆盖连接段
UAV-2,1.9082,23.0918,28.0955,覆盖喷洒段
UAV-2,1.936,23.064,28.0632,覆盖连接段
UAV-2,2.2507,22.7493,27.6973,覆盖喷洒段
UAV-2,2.2783,22.7217,27.6652,覆盖连接段
UAV-2,2.5977,22.4023,27.2939,覆盖喷洒段
UAV-2,2.6252,22.3748,27.2619,覆盖连接段
UAV-2,2.947,22.053,26.8877,覆盖喷洒段
UAV-2,2.9754,22.0246,26.8547,覆盖连接段
UAV-2,3.2973,21.7027,26.4804,覆盖喷洒段
UAV-2,3.3274,21.6726,26.4455,覆盖连接段
UAV-2,3.6464,21.3536,26.0745,覆盖喷洒段
UAV-2,3.6791,21.3209,26.0365,覆盖连接段
UAV-2,3.9614,21.0386,25.7083,覆盖喷洒段
UAV-2,4.0006,20.9994,25.6627,覆盖连接段
UAV-2,4.2266,20.7734,25.4,覆盖喷洒段
UAV-2,4.2825,20.7175,25.3349,覆盖连接段
UAV-2,4.4109,20.5891,25.1857,覆盖喷洒段
UAV-2,4.9834,20.0166,25.1857,飞行-区域间
UAV-2,5.091,19.909,25.0819,覆盖喷洒段
UAV-2,5.1208,19.8792,25.0532,覆盖连接段
UAV-2,5.2519,19.7481,24.9268,覆盖喷洒段
UAV-2,5.2793,19.7207,24.9005,覆盖连接段
UAV-2,5.409,19.591,24.7754,覆盖喷洒段
UAV-2,5.4396,19.5604,24.746,覆盖连接段
UAV-2,5.542,19.458,24.6472,覆盖喷洒段
UAV-2,5.897,19.103,24.6472,飞行-区域间
UAV-2,6.0033,18.9967,24.5013,覆盖喷洒段
UAV-2,6.0801,18.9199,24.3958,覆盖连接段
UAV-2,6.1554,18.8446,24.2925,覆盖喷洒段
UAV-2,6.3872,18.6128,23.9741,覆盖连接段
UAV-2,6.4569,18.5431,23.8785,覆盖喷洒段
UAV-2,6.7561,18.2439,23.4676,覆盖连接段
UAV-2,6.7873,18.2127,23.4247,覆盖喷洒段
UAV-2,6.9751,18.0249,23.1668,覆盖连接段
UAV-2,7.1442,17.8558,22.9346,覆盖喷洒段
UAV-2,7.1783,17.8217,22.8879,覆盖连接段
UAV-2,7.4393,17.5607,22.5293,覆盖喷洒段
UAV-2,7.5161,17.4839,22.4239,覆盖连接段
UAV-2,7.8638,17.1362,21.9464,覆盖喷洒段
UAV-2,7.8932,17.1068,21.9062,覆盖连接段
UAV-2,8.3232,16.6768,21.3156,覆盖喷洒段
UAV-2,8.3604,16.6396,21.2646,覆盖连接段
UAV-2,8.8225,16.1775,20.63,覆盖喷洒段
UAV-2,8.8501,16.1499,20.5921,覆盖连接段
UAV-2,9.3193,15.6807,19.9478,覆盖喷洒段
UAV-2,9.3466,15.6534,19.9103,覆盖连接段
UAV-2,9.8165,15.1835,19.265,覆盖喷洒段
UAV-2,9.844,15.156,19.2273,覆盖连接段
UAV-2,10.3082,14.6918,18.5899,覆盖喷洒段
UAV-2,10.3362,14.6638,18.5515,覆盖连接段
UAV-2,10.788,14.212,17.931,覆盖喷洒段
UAV-2,10.817,14.183,17.8912,覆盖连接段
UAV-2,11.2493,13.7507,17.2976,覆盖喷洒段
UAV-2,11.2799,13.7201,17.2555,覆盖连接段
UAV-2,11.6843,13.3157,16.7002,覆盖喷洒段
UAV-2,11.7176,13.2824,16.6545,覆盖连接段
UAV-2,12.084,12.916,16.1513,覆盖喷洒段
UAV-2,12.1217,12.8783,16.0997,覆盖连接段
UAV-2,12.4364,12.5636,15.6675,覆盖喷洒段
UAV-2,12.4825,12.5175,15.6042,覆盖连接段
UAV-2,12.723,12.277,15.274,覆盖喷洒段
UAV-2,12.7968,12.2032,15.1726,覆盖连接段
UAV-2,12.9,12.1,15.0309,覆盖喷洒段
UAV-2,13.7773,11.2227,15.0309,飞行-区域间
UAV-2,13.9795,11.0205,14.7426,覆盖喷洒段
UAV-2,14.0251,10.9749,14.6775,覆盖连接段
UAV-2,14.3004,10.6996,14.2849,覆盖喷洒段
UAV-2,14.3369,10.6631,14.2329,覆盖连接段
UAV-2,14.6605,10.3395,13.7714,覆盖喷洒段
UAV-2,14.6926,10.3074,13.7256,覆盖连接段
UAV-2,15.05,9.95,13.216,覆盖喷洒段
UAV-2,15.0796,9.9204,13.1737,覆盖连接段
UAV-2,15.46,9.54,12.6313,覆盖喷洒段
UAV-2,15.4882,9.5118,12.591,覆盖连接段
UAV-2,15.8828,9.1172,12.0284,覆盖喷洒段
UAV-2,15.9103,9.0897,11.9891,覆盖连接段
UAV-2,16.3112,8.6888,11.4174,覆盖喷洒段
UAV-2,16.3385,8.6615,11.3784,覆盖连接段
UAV-2,16.7382,8.2618,10.8085,覆盖喷洒段
UAV-2,16.7659,8.2341,10.769,覆盖连接段
UAV-2,17.1568,7.8432,10.2115,覆盖喷洒段
UAV-2,17.1854,7.8146,10.1707,覆盖连接段
UAV-2,17.5594,7.4406,9.6373,覆盖喷洒段
UAV-2,17.5898,7.4102,9.594,覆盖连接段
UAV-2,17.9376,7.0624,9.0979,覆盖喷洒段
UAV-2,17.9709,7.0291,9.0505,覆盖连接段
UAV-2,18.281,6.719,8.6083,覆盖喷洒段
UAV-2,18.3196,6.6804,8.5533,覆盖连接段
UAV-2,18.5752,6.4248,8.1887,覆盖喷洒段
UAV-2,18.6264,6.3736,8.1157,覆盖连接段
UAV-2,18.7953,6.2047,7.8748,覆盖喷洒段
UAV-2,19.6681,5.3319,7.8748,飞行-区域间
UAV-2,19.8185,5.1815,7.6985,覆盖喷洒段
UAV-2,19.8548,5.1452,7.656,覆盖连接段
UAV-2,20.0529,4.9471,7.4238,覆盖喷洒段
UAV-2,20.083,4.917,7.3885,覆盖连接段
UAV-2,20.3064,4.6936,7.1267,覆盖喷洒段
UAV-2,20.3342,4.6658,7.0941,覆盖连接段
UAV-2,20.5679,4.4321,6.8202,覆盖喷洒段
UAV-2,20.5952,4.4048,6.7881,覆盖连接段
UAV-2,20.8261,4.1739,6.5175,覆盖喷洒段
UAV-2,20.8546,4.1454,6.4841,覆盖连接段
UAV-2,21.0692,3.9308,6.2326,覆盖喷洒段
UAV-2,21.1012,3.8988,6.1951,覆盖连接段
UAV-2,21.2823,3.7177,5.9829,覆盖喷洒段
UAV-2,21.3246,3.6754,5.9333,覆盖连接段
UAV-2,21.4411,3.5589,5.7968,覆盖喷洒段
UAV-2,21.7496,3.2504,5.7968,飞行-区域间
UAV-2,22.0,3.0,5.4236,电量不足
UAV-2,22.3828,25.0,30.0,道路补给
UAV-2,22.7732,24.6096,29.9886,覆盖喷洒段
UAV-2,22.8295,24.5532,29.9047,覆盖连接段
UAV-2,23.1862,24.1966,29.3732,覆盖喷洒段
UAV-2,23.2306,24.1522,29.3072,覆盖连接段
UAV-2,23.6571,23.7257,28.6716,覆盖喷洒段
UAV-2,23.6954,23.6874,28.6146,覆盖连接段
UAV-2,24.1756,23.2072,27.8991,覆盖喷洒段
UAV-2,24.2102,23.1725,27.8475,覆盖连接段
UAV-2,24.733,22.6497,27.0685,覆盖喷洒段
UAV-2,24.7606,22.6222,27.0275,覆盖连接段
UAV-2,25.3037,22.0791,26.2183,覆盖喷洒段
UAV-2,25.3341,22.0486,26.1729,覆盖连接段
UAV-2,25.8569,21.5259,25.394,覆盖喷洒段
UAV-2,25.9004,21.4824,25.3292,覆盖连接段
UAV-2,26.3997,20.983,24.5852,覆盖喷洒段
UAV-2,26.4281,20.9547,24.5429,覆盖连接段
UAV-2,26.9013,20.4815,23.8379,覆盖喷洒段
UAV-2,26.9448,20.438,23.7731,覆盖连接段
UAV-2,27.3892,19.9935,23.1109,覆盖喷洒段
UAV-2,27.4167,19.9661,23.0699,覆盖连接段
UAV-2,27.83,19.5527,22.4541,覆盖喷洒段
UAV-2,27.8735,19.5092,22.3892,覆盖连接段
UAV-2,28.2534,19.1294,21.8233,覆盖喷洒段
UAV-2,28.2808,19.102,21.7825,覆盖连接段
UAV-2,28.6247,18.758,21.27,覆盖喷洒段
UAV-2,28.6682,18.7145,21.2052,覆盖连接段
UAV-2,28.974,18.4088,20.7496,覆盖喷洒段
UAV-2,29.0022,18.3806,20.7076,覆盖连接段
UAV-2,29.2671,18.1156,20.3128,覆盖喷洒段
UAV-2,29.3106,18.0721,20.248,覆盖连接段
UAV-2,29.5322,17.8506,19.918,覆盖喷洒段
UAV-2,29.5622,17.8205,19.8731,覆盖连接段
UAV-2,29.7374,17.6454,19.6122,覆盖喷洒段
UAV-2,29.7809,17.6019,19.5474,覆盖连接段
UAV-2,29.9063,17.4765,19.3606,覆盖喷洒段
UAV-2,29.9401,17.4427,19.3101,覆盖连接段
UAV-2,30.0117,17.3711,19.2035,覆盖喷洒段
UAV-2,30.4338,16.949,18.5746,覆盖连接段
UAV-2,30.4545,16.9283,18.5437,覆盖喷洒段
UAV-2,30.9032,16.4795,17.8751,覆盖连接段
UAV-2,30.916,16.4668,17.8561,覆盖喷洒段
UAV-2,31.3468,16.0359,17.2142,覆盖连接段
UAV-2,31.3764,16.0064,17.1701,覆盖喷洒段
UAV-2,31.4199,15.9629,17.1053,覆盖连接段
UAV-2,31.4511,15.9316,17.0587,覆盖喷洒段
UAV-2,31.5029,15.8799,16.9817,覆盖连接段
UAV-2,31.524,15.8587,16.9501,覆盖喷洒段
UAV-2,32.0943,15.2885,16.9501,飞行-区域间
UAV-2,32.2856,15.0972,16.6801,覆盖喷洒段
UAV-2,32.3292,15.0535,16.6186,覆盖连接段
UAV-2,32.5886,14.7942,16.2526,覆盖喷洒段
UAV-2,32.6236,14.7591,16.2031,覆盖连接段
UAV-2,32.9268,14.4559,15.7752,覆盖喷洒段
UAV-2,32.9579,14.4249,15.7314,覆盖连接段
UAV-2,33.2905,14.0923,15.2621,覆盖喷洒段
UAV-2,33.3193,14.0634,15.2213,覆盖连接段
UAV-2,33.6705,13.7122,14.7257,覆盖喷洒段
UAV-2,33.6983,13.6845,14.6866,覆盖连接段
UAV-2,34.0589,13.3239,14.1776,覆盖喷洒段
UAV-2,34.0863,13.2965,14.139,覆盖连接段
UAV-2,34.448,12.9348,13.6286,覆盖喷洒段
UAV-2,34.4755,12.9072,13.5897,覆盖连接段
UAV-2,34.83,12.5528,13.0895,覆盖喷洒段
UAV-2,34.8585,12.5243,13.0493,覆盖连接段
UAV-2,35.1967,12.186,12.5719,覆盖喷洒段
UAV-2,35.2271,12.1557,12.5291,覆盖连接段
UAV-2,35.5389,11.8438,12.089,覆盖喷洒段
UAV-2,35.5727,11.8101,12.0414,覆盖连接段
UAV-2,35.8449,11.5379,11.6572,覆盖喷洒段
UAV-2,35.8855,11.4972,11.5999,覆盖连接段
UAV-2,36.0976,11.2852,11.3006,覆盖喷洒段
UAV-2,36.1602,11.2226,11.2123,覆盖连接段
UAV-2,36.2596,11.1232,11.072,覆盖喷洒段
UAV-2,36.947,10.4357,11.072,飞行-区域间
UAV-2,37.0547,10.3281,10.9705,覆盖喷洒段
UAV-2,37.0844,10.2983,10.9424,覆盖连接段
UAV-2,37.2156,10.1672,10.8187,覆盖喷洒段
UAV-2,37.2429,10.1398,10.7929,覆盖连接段
UAV-2,37.3727,10.0101,10.6705,覆盖喷洒段
UAV-2,37.4032,9.9795,10.6417,覆盖连接段
UAV-2,37.5057,9.8771,10.545,覆盖喷洒段
UAV-2,38.1885,9.1942,10.545,飞行-区域间
UAV-2,38.2962,9.0866,10.4426,覆盖喷洒段
UAV-2,38.3259,9.0568,10.4142,覆盖连接段
UAV-2,38.4571,8.9257,10.2894,覆盖喷洒段
UAV-2,38.4844,8.8984,10.2633,覆盖连接段
UAV-2,38.6142,8.7686,10.1398,覆盖喷洒段
UAV-2,38.6447,8.7381,10.1107,覆盖连接段
UAV-2,38.7471,8.6356,10.0132,覆盖喷洒段
UAV-2,40.0318,7.351,10.0132,返航
UAV-3,0.0,25.0,30.0,起飞
UAV-3,0.5572,24.4428,30.0,飞行-区域间
UAV-3,0.6649,24.3351,29.8998,覆盖喷洒段
UAV-3,0.6946,24.3054,29.8721,覆盖连接段
UAV-3,0.8258,24.1742,29.7499,覆盖喷洒段
UAV-3,0.8531,24.1469,29.7245,覆盖连接段
UAV-3,0.9829,24.0171,29.6037,覆盖喷洒段
UAV-3,1.0134,23.9866,29.5752,覆盖连接段
UAV-3,1.1159,23.8841,29.4799,覆盖喷洒段
UAV-3,1.4685,23.5315,29.4799,飞行-区域间
UAV-3,1.7136,23.2864,29.2658,覆盖喷洒段
UAV-3,1.7531,23.2469,29.2313,覆盖连接段
UAV-3,2.058,22.942,28.9649,覆盖喷洒段
UAV-3,2.0996,22.9004,28.9287,覆盖连接段
UAV-3,2.4547,22.5453,28.6184,覆盖喷洒段
UAV-3,2.4879,22.5121,28.5894,覆盖连接段
UAV-3,2.8933,22.1067,28.2353,覆盖喷洒段
UAV-3,2.9348,22.0652,28.199,覆盖连接段
UAV-3,3.3904,21.6096,27.801,覆盖喷洒段
UAV-3,3.4237,21.5763,27.772,覆盖连接段
UAV-3,3.9295,21.0705,27.3301,覆盖喷洒段
UAV-3,3.9711,21.0289,27.2939,覆盖连接段
UAV-3,4.5271,20.4729,26.8081,覆盖喷洒段
UAV-3,4.5604,20.4396,26.7791,覆盖连接段
UAV-3,5.1545,19.8455,26.26,覆盖喷洒段
UAV-3,5.1834,19.8166,26.2348,覆盖连接段
UAV-3,5.7482,19.2518,25.7415,覆盖喷洒段
UAV-3,5.7979,19.2021,25.698,覆盖连接段
UAV-3,6.3278,18.6722,25.2352,覆盖喷洒段
UAV-3,6.9592,18.0408,24.6837,覆盖连接段
UAV-3,6.9962,18.0038,24.6513,覆盖喷洒段
UAV-3,7.1784,17.8216,24.4922,覆盖连接段
UAV-3,7.6711,17.3289,24.0618,覆盖喷洒段
UAV-3,8.2653,16.7347,23.5427,覆盖连接段
UAV-3,8.3483,16.6517,23.4702,覆盖喷洒段
UAV-3,8.5761,16.4239,23.2712,覆盖连接段
UAV-3,9.0293,15.9707,22.8753,覆盖喷洒段
UAV-3,9.584,15.416,22.3908,覆盖连接段
UAV-3,9.7108,15.2892,22.28,覆盖喷洒段
UAV-3,9.982,15.018,22.0431,覆盖连接段
UAV-3,10.3937,14.6063,21.6835,覆盖喷洒段
UAV-3,10.9068,14.0932,21.2353,覆盖连接段
UAV-3,11.0751,13.9249,21.0883,覆盖喷洒段
UAV-3,11.3876,13.6124,20.8153,覆盖连接段
UAV-3,11.7554,13.2446,20.494,覆盖喷洒段
UAV-3,12.2246,12.7754,20.0841,覆盖连接段
UAV-3,12.4323,12.5677,19.9028,覆盖喷洒段
UAV-3,12.7841,12.2159,19.5955,覆盖连接段
UAV-3,13.1058,11.8942,19.3145,覆盖喷洒段
UAV-3,13.529,11.471,18.9448,覆盖连接段
UAV-3,13.7737,11.2263,18.731,覆盖喷洒段
UAV-3,14.1624,10.8376,18.3915,覆盖连接段
UAV-3,14.4357,10.5643,18.1528,覆盖喷洒段
UAV-3,14.8104,10.1896,17.8254,覆盖连接段
UAV-3,15.0899,9.9101,17.5813,覆盖喷洒段
UAV-3,15.5133,9.4867,17.2114,覆盖连接段
UAV-3,15.7357,9.2643,17.0171,覆盖喷洒段
UAV-3,16.0596,8.9404,16.7342,覆盖连接段
UAV-3,16.3713,8.6287,16.4619,覆盖喷洒段
UAV-3,16.8269,8.1731,16.064,覆盖连接段
UAV-3,16.9957,8.0043,15.9166,覆盖喷洒段
UAV-3,17.2659,7.7341,15.6805,覆盖连接段
UAV-3,17.6071,7.3929,15.3824,覆盖喷洒段
UAV-3,18.087,6.913,14.9632,覆盖连接段
UAV-3,18.2043,6.7957,14.8608,覆盖喷洒段
UAV-3,18.4178,6.5822,14.6743,覆盖连接段
UAV-3,18.7856,6.2144,14.353,覆盖喷洒段
UAV-3,19.2853,5.7147,13.9165,覆盖连接段
UAV-3,19.349,5.651,13.8609,覆盖喷洒段
UAV-3,19.5031,5.4969,13.7262,覆盖连接段
UAV-3,19.893,5.107,13.3857,覆盖喷洒段
UAV-3,20.409,4.591,12.9349,覆盖连接段
UAV-3,20.4147,4.5853,12.9299,覆盖喷洒段
UAV-3,20.5109,4.4891,12.8459,覆盖连接段
UAV-3,20.9127,4.0873,12.495,覆盖喷洒段
UAV-3,20.9523,4.0477,12.4603,覆盖连接段
UAV-3,21.3603,3.6397,12.1039,覆盖喷洒段
UAV-3,21.388,3.612,12.0797,覆盖连接段
UAV-3,21.7543,3.2457,11.7598,覆盖喷洒段
UAV-3,21.8136,3.1864,11.708,覆盖连接段
UAV-3,22.0,3.0,11.5451,电量不足
UAV-3,22.0978,25.0,30.0,道路补给
UAV-3,22.2704,24.8274,29.9347,覆盖喷洒段
UAV-3,22.6208,24.477,29.9347,飞行-区域间
UAV-3,22.6804,24.4175,29.8902,覆盖喷洒段
UAV-3,22.7091,24.3887,29.8687,覆盖连接段
UAV-3,22.825,24.2728,29.782,覆盖喷洒段
UAV-3,23.1407,23.9571,29.546,覆盖连接段
UAV-3,23.2133,23.8845,29.4917,覆盖喷洒段
UAV-3,23.4783,23.6195,29.2935,覆盖连接段
UAV-3,23.6378,23.46,29.1743,覆盖喷洒段
UAV-3,23.9533,23.1446,28.9384,覆盖连接段
UAV-3,24.0955,23.0023,28.832,覆盖喷洒段
UAV-3,24.3863,22.7116,28.6146,覆盖连接段
UAV-3,24.5817,22.5161,28.4685,覆盖喷洒段
UAV-3,24.9328,22.165,28.2059,覆盖连接段
UAV-3,25.0938,22.004,28.0855,覆盖喷洒段
UAV-3,25.4274,21.6704,27.8361,覆盖连接段
UAV-3,25.629,21.4688,27.6854,覆盖喷洒段
UAV-3,26.0158,21.0821,27.3962,覆盖连接段
UAV-3,26.1849,20.9129,27.2697,覆盖喷洒段
UAV-3,26.5771,20.5208,26.9765,覆盖连接段
UAV-3,26.7596,20.3383,26.84,覆盖喷洒段
UAV-3,27.1779,19.92,26.5272,覆盖连接段
UAV-3,27.3511,19.7468,26.3978,覆盖喷洒段
UAV-3,27.7978,19.3001,26.0637,覆盖连接段
UAV-3,27.9578,19.1401,25.9441,覆盖喷洒段
UAV-3,28.2114,18.8865,25.7545,覆盖连接段
UAV-3,28.2408,18.8571,25.7325,覆盖喷洒段
UAV-3,28.578,18.5198,25.4803,覆盖连接段
UAV-3,28.7518,18.346,25.3504,覆盖喷洒段
UAV-3,29.2105,17.8873,25.0074,覆盖连接段
UAV-3,29.3451,17.7527,24.9067,覆盖喷洒段
UAV-3,29.5188,17.5791,24.7769,覆盖连接段
UAV-3,29.5988,17.499,24.717,覆盖喷洒段
UAV-3,29.8423,17.2555,24.535,覆盖连接段
UAV-3,30.0137,17.0841,24.4068,覆盖喷洒段
UAV-3,30.5598,16.538,23.9985,覆盖连接段
UAV-3,30.6662,16.4316,23.9189,覆盖喷洒段
UAV-3,30.8663,16.2316,23.7693,覆盖连接段
UAV-3,30.997,16.1009,23.6716,覆盖喷洒段
UAV-3,31.3269,15.771,23.4249,覆盖连接段
UAV-3,31.4934,15.6045,23.3004,覆盖喷洒段
UAV-3,31.9946,15.1032,22.9256,覆盖连接段
UAV-3,32.0705,15.0273,22.8688,覆盖喷洒段
UAV-3,32.3455,14.7524,22.6633,覆盖连接段
UAV-3,32.5268,14.571,22.5277,覆盖喷洒段
UAV-3,32.8716,14.2263,22.2699,覆盖连接段
UAV-3,33.0306,14.0672,22.151,覆盖喷洒段
UAV-3,33.6655,13.4324,21.6763,覆盖连接段
UAV-3,33.7085,13.3893,21.6441,覆盖喷洒段
UAV-3,33.8451,13.2527,21.5419,覆盖连接段
UAV-3,34.0771,13.0207,21.3685,覆盖喷洒段
UAV-3,34.3899,12.708,21.1346,覆盖连接段
UAV-3,34.5392,12.5586,21.0229,覆盖喷洒段
UAV-3,35.0734,12.0244,20.6235,覆盖连接段
UAV-3,35.081,12.0168,20.6178,覆盖喷洒段
UAV-3,35.4572,11.6406,20.3365,覆盖连接段
UAV-3,35.7398,11.358,20.1252,覆盖喷洒段
UAV-3,36.1859,10.912,19.7917,覆盖连接段
UAV-3,36.3232,10.7746,19.689,覆盖喷洒段
UAV-3,36.6116,10.4863,19.4734,覆盖连接段
UAV-3,36.9448,10.153,19.2242,覆盖喷洒段
UAV-3,37.4415,9.6564,18.8528,覆盖连接段
UAV-3,37.5647,9.5331,18.7607,覆盖喷洒段
UAV-3,37.839,9.2588,18.5556,覆盖连接段
UAV-3,38.2229,8.8749,18.2685,覆盖喷洒段
UAV-3,38.7702,8.3276,17.8593,覆盖连接段
UAV-3,38.8771,8.2207,17.7793,覆盖喷洒段
UAV-3,39.1352,7.9627,17.5864,覆盖连接段
UAV-3,39.5529,7.545,17.2741,覆盖喷洒段
UAV-3,40.134,6.9638,16.8395,覆盖连接段
UAV-3,40.2224,6.8755,16.7735,覆盖喷洒段
UAV-3,40.462,6.6359,16.5943,覆盖连接段
UAV-3,40.8863,6.2116,16.2771,覆盖喷洒段
UAV-3,41.474,5.6238,15.8376,覆盖连接段
UAV-3,41.5414,5.5564,15.7872,覆盖喷洒段
UAV-3,41.7602,5.3376,15.6236,覆盖连接段
UAV-3,42.1886,4.9092,15.3033,覆盖喷洒段
UAV-3,42.7804,4.3174,14.8607,覆盖连接段
UAV-3,42.8245,4.2734,14.8278,覆盖喷洒段
UAV-3,43.0201,4.0777,14.6815,覆盖连接段
UAV-3,43.4499,3.6479,14.3601,覆盖喷洒段
UAV-3,44.0432,3.0547,13.9165,覆盖连接段
UAV-3,44.061,3.0368,13.9032,覆盖喷洒段
UAV-3,44.0978,3.0,13.8757,电量不足
UAV-3,44.4578,25.0,30.0,道路补给
UAV-3,44.9506,24.5072,29.9006,覆盖连接段
UAV-3,45.3787,24.0791,29.5806,覆盖喷洒段
UAV-3,45.412,24.0458,29.5556,覆盖连接段
UAV-3,45.8347,23.6231,29.2396,覆盖喷洒段
UAV-3,45.8653,23.5925,29.2167,覆盖连接段
UAV-3,46.2783,23.1795,28.9079,覆盖喷洒段
UAV-3,46.3185,23.1393,28.8778,覆盖连接段
UAV-3,46.7157,22.7421,28.5808,覆盖喷洒段
UAV-3,46.743,22.7148,28.5604,覆盖连接段
UAV-3,47.1024,22.3554,28.2917,覆盖喷洒段
UAV-3,47.1636,22.2941,28.2459,覆盖连接段
UAV-3,47.4135,22.0443,28.059,覆盖喷洒段
UAV-3,48.0312,21.4266,28.059,飞行-区域间
UAV-3,48.3773,21.0804,27.6379,覆盖喷洒段
UAV-3,48.5717,20.886,27.4013,覆盖连接段
UAV-3,48.6127,20.8451,27.3515,覆盖喷洒段
UAV-3,49.2146,20.2432,26.619,覆盖连接段
UAV-3,49.6712,19.7865,26.0633,覆盖喷洒段
UAV-3,49.864,19.5938,25.8288,覆盖连接段
UAV-3,49.9033,19.5545,25.781,覆盖喷洒段
UAV-3,50.5467,18.9111,24.998,覆盖连接段
UAV-3,51.0449,18.4129,24.3917,覆盖喷洒段
UAV-3,51.2337,18.2241,24.162,覆盖连接段
UAV-3,51.269,18.1888,24.1191,覆盖喷洒段
UAV-3,51.9239,17.5339,23.3221,覆盖连接段
UAV-3,52.4336,17.0241,22.7018,覆盖喷洒段
UAV-3,52.6162,16.8416,22.4797,覆盖连接段
UAV-3,52.6453,16.8125,22.4443,覆盖喷洒段
UAV-3,53.3094,16.1483,21.636,覆盖连接段
UAV-3,53.8285,15.6293,21.0044,覆盖喷洒段
UAV-3,54.0027,15.4551,20.7924,覆盖连接段
UAV-3,54.0234,15.4343,20.7672,覆盖喷洒段
UAV-3,54.6948,14.763,19.9502,覆盖连接段
UAV-3,55.221,14.2368,19.3099,覆盖喷洒段
UAV-3,55.3845,14.0733,19.1109,覆盖连接段
UAV-3,55.3946,14.0632,19.0986,覆盖喷洒段
UAV-3,56.0709,13.3869,18.2756,覆盖连接段
UAV-3,56.6021,12.8557,17.6293,覆盖喷洒段
UAV-3,56.6308,12.827,17.5943,覆盖连接段
UAV-3,57.1646,12.2932,16.9447,覆盖喷洒段
UAV-3,57.1932,12.2645,16.9098,覆盖连接段
UAV-3,57.7274,11.7304,16.2599,覆盖喷洒段
UAV-3,57.7561,11.7017,16.2249,覆盖连接段
UAV-3,58.2879,11.1699,15.5777,覆盖喷洒段
UAV-3,58.3186,11.1391,15.5404,覆盖连接段
UAV-3,58.8453,10.6125,14.8995,覆盖喷洒段
UAV-3,58.874,10.5838,14.8646,覆盖连接段
UAV-3,59.3921,10.0656,14.234,覆盖喷洒段
UAV-3,59.4268,10.031,14.1919,覆盖连接段
UAV-3,59.9325,9.5253,13.5765,覆盖喷洒段
UAV-3,59.9607,9.4971,13.5422,覆盖连接段
UAV-3,60.4331,9.0247,12.9673,覆盖喷洒段
UAV-3,60.4762,8.9816,12.9148,覆盖连接段
UAV-3,60.8821,8.5757,12.421,覆盖喷洒段
UAV-3,60.9344,8.5234,12.3573,覆盖连接段
UAV-3,61.2511,8.2067,11.9719,覆盖喷洒段
UAV-3,61.3279,8.1298,11.8784,覆盖连接段
UAV-3,61.5008,7.957,11.668,覆盖喷洒段
UAV-3,62.9267,6.5311,11.668,返航
